关键词,微博id,微博正文,头条文章url,原始图片url,微博视频url,发布位置,发布时间,发布工具,点赞数,转发数,评论数
人工智能,5273201199285017,瑞银证券董事长胡知鸷：中国资产正从配置选项逐步成为战略必选瑞银集团中国区总裁、瑞银证券董事长胡知鸷表示，当前，中国企业在人工智能、高端制造、半导体、新能源等领域展现出的创新活力，正在重塑全球投资者对中国资产的认知。中国资产正从配置选项逐步成为战略必选。这为具备全球资源配置能力的 ...全文,,无,,,Thu Mar 05 20:10:00 +0800 2026,财经博主,348,4,24
人工智能,5272759934386242,这几天在北京参加2026年全国两会，跟大家分享一下我带来的四个建议，涉及新型工业化、人工智能、人口老龄化、科普教育。第一个是：关于加快发展具身智能，赋能工业智能化的建议；第二个是：关于应对人工智能应用的安全、隐私和伦理等挑战的建议；第三个是：关于构建阿尔茨海默病专业化服务生态体 ...全文,,"https://wx1.sinaimg.cn/orj360/006HNGifly1iaux81wzjhj30u04z61kx.jpg,https://wx3.sinaimg.cn/orj360/006HNGifly1iaux82xo92j30u02zznmn.jpg,https://wx3.sinaimg.cn/orj360/006HNGifly1iaux840v4dj30u03ht4qp.jpg,https://wx1.sinaimg.cn/orj360/006HNGifly1iaux856kxfj30u03dj4qp.jpg",,,Wed Mar 04 14:56:33 +0800 2026,海尔集团董事局主席、首席执行官,1591,244,291
人工智能,5273176315527780,【科技前沿｜#人形机器人离走进生活还有多远#】#人形机器人是如何团队协作的#在人工智能大模型驱动下，人形机器人应用边界持续拓展。中国人形机器人正加速走向一线，落地于工业生产、教育、服务等真实场景。支撑规模化应用的关键突破是什么？中国机器人产业属于自己的“ChatGPT时刻”，是否正在到来？ ...全文,,无,"https://f.video.weibocdn.com/o0/0OHCtE1vlx08vPwKpvOg01041202aDxm0E010.mp4?label=mp4_hd&template=852x480.25.0&ori=0&ps=1CwnkDw1GXwCQx&Expires=1772732091&ssig=SMDJ%2FqsYDm&KID=unistore,video",,Thu Mar 05 18:31:07 +0800 2026,《人民日报》法人微博,428,79,307
人工智能,5272692630751588,转载：李飞飞最新演讲揭秘AI下一场“寒武纪”爆发：这是一个从“虚拟”到“实体”的伟大迁徙#李飞飞#人工智能#ChatGPT#空间智能#AI未来（来源：视频号“牛油果Tech”，视频版权归原作者所有，如有侵权，请联系删除） 但斌的微博视频 ,,无,"https://f.video.weibocdn.com/u0/MhWUSN3xgx08vNoJE2yA01041200BXyW0E010.mp4?label=mp4_hd&template=540x720.24.0&ori=0&ps=1BVp4ysnknHVZu&Expires=1772732104&ssig=UrrzzDKdPG&KID=unistore,video",,Wed Mar 04 10:29:08 +0800 2026,深圳东方港湾投资管理股份有限公司董事长,254,243,16
人工智能,5272845607243002,【齐向东称#不拥抱AI的人会被社会淘汰#】全国政协委员、全国工商联副主席、奇安信集团董事长齐向东4日下午接受采访时表示，人工智能（AI）可以帮助人类提高效率，创造更美好的生活，“所以要全面拥抱AI，未来，不能拥抱AI的人就会被社会淘汰。”谈及中国AI的发展，他称，“中国正在全面推动科技创新与 ...全文,,https://wx4.sinaimg.cn/orj360/001WLsZ7ly1iav721damxj615o15ob2b02.jpg,,,Wed Mar 04 20:37:00 +0800 2026,中国新闻网法人微博,397,79,60
人工智能,5272307812532742,AI“减员风”吹进全球系统重要性银行 瑞穗宣布削减5000个岗位就在华尔街热议金融科技公司Block“以AI之名”裁掉近半员工之际，太平洋彼岸也出现更多类似的故事。据悉，日本三大银行之一的瑞穗金融集团（Mizuho FG）计划在未来10年内，通过投资人工智能提高效率，将目前约1.5万个事务岗位削减最多5000 ...全文,,无,,,Tue Mar 03 09:00:00 +0800 2026,财经博主,407,5,16
人工智能,5272895798382987,所有的资讯APP在这个时代都落伍了，没有人工智能，和高质量的社交解读，光是一个APP里往外蹦资讯，有什么意义呢？最高质量把资讯转化为交易驱动的，都是一些行业群，总是比市场快两三拍。 ,,无,,,Wed Mar 04 23:56:27 +0800 2026,投资内容创作者,278,21,18
人工智能,5273080084827018,#应对人工智能对就业影响##确保零就业家庭至少一人实现就业#【“十五五”规划纲要草案提出确保零就业家庭至少一人实现就业】 “十五五”规划纲要草案在部署强化就业优先政策时提出：稳定和扩大高校毕业生、农民工、退役军人等重点群体就业。加强困难群体就业帮扶，促进失业人员再就业，确保零 ...全文,,https://wx1.sinaimg.cn/orj360/001R0E0aly1iavy2ehrqdj618g0xc7wh02.jpg,,,Thu Mar 05 12:08:44 +0800 2026,新华社法人微博,223,58,48
人工智能,5272768628917276,#和阿妥发现生活之光#全民终身学习，数字赋能成长。最近有不少小伙伴向阿妥咨询，希望学习人工智能知识，却苦于没有专业、便捷、免费的学习渠道。作为一名持续关注AI领域的创作者，阿妥非常乐意将#广东全民终身学习平台# 推荐给每一位想要提升自我的朋友。#阿妥的AI观察# 在使用平台前，阿妥也曾在各 ...全文,,"https://wx4.sinaimg.cn/orj360/006F2Dczgy1iatg3xi6kbj30zu22n4di.jpg,https://wx3.sinaimg.cn/orj360/006F2Dczgy1iatg4l2exvj30zu16xdky.jpg,https://wx1.sinaimg.cn/orj360/006F2Dczgy1iatg54e8b9j30zu14cn4j.jpg,https://wx2.sinaimg.cn/orj360/006F2Dczgy1iatgosxac1j30zu13in1r.jpg",,,Wed Mar 04 15:31:07 +0800 2026,微博2021十大人气情感大V 微博2025年度公益V力量 微博公益合伙人,3254,707,2226
人工智能,5272827558890154,在线使用 AI Agent 经常遇到一个难题——让它读懂推特、Reddit、YouTube、小红书等网络内容，不得不面对付费 API、封锁、登录、数据清洗一大堆麻烦。一个超级实用的开源项目 Agent Reach，能给你的 AI Agent 装上“互联网之眼”：一条命令装好工具，立刻免费读推特、搜 Reddit、看 B站视频字幕、小红 ...全文,,https://wx4.sinaimg.cn/orj360/5396ee05ly8iav4zog2iij20v20u00xj.jpg,,,Wed Mar 04 19:25:17 +0800 2026,AI博主 2025微博新锐新知博主,183,146,19
人工智能,5273202751184008,李华：人工智障真不好用 ,,"https://wx4.sinaimg.cn/orj360/0072ehGVgy1iawc2zlb7nj30wq17owjh.jpg,https://wx1.sinaimg.cn/orj360/0072ehGVgy1iawc2ztws5j30wr0w1tba.jpg,https://wx3.sinaimg.cn/orj360/0072ehGVgy1iawc2z9eyfj30wr0yxq50.jpg,https://wx4.sinaimg.cn/orj360/0072ehGVgy1iawc3038d5j30wr0d575m.jpg,https://wx4.sinaimg.cn/orj360/0072ehGVgy1iawc30bhxfj30wr0hxq3z.jpg",,,Thu Mar 05 20:16:10 +0800 2026,颜值博主 微博剪辑视频博主,520,1011,1
人工智能,5273219086944033,不少美国民众担忧数据中心会推高电力需求，可能导致电费上涨，微软、谷歌、OpenAI、亚马逊、Meta、xAI和甲骨文这七大科技巨头签署自主供电承诺。也就是说，人工智能大厂们得自己供电，怎么供？自己建发电厂吗？没有自己发的电就不准他建数据中心？这会大幅增加科技巨头的资本支出，负债增加 ...全文,,无,,,Thu Mar 05 21:21:05 +0800 2026,财经观察官 财经博主,36,4,11
人工智能,5273224524071426,【2025年#我国开源模型下载量居全球首位##十五五规划里的个人机遇#】3月5日上午，政府工作报告明确提出，打造智能经济新形态。深化拓展“人工智能+”，促进新一代智能终端和智能体加快推广，推动重点行业领域人工智能商业化规模化应用，培育智能原生新业态新模式。近年，我国人工智能大模型发展迅速， ...全文,,无,"https://f.video.weibocdn.com/o0/pDEbcOLulx08vPJX3xPy010412065d9c0E030.mp4?label=mp4_hd&template=852x480.25.0&ori=0&ps=1BVp4ysnknHVZu&Expires=1772732104&ssig=F86JeubzNn&KID=unistore,video",,Thu Mar 05 21:42:40 +0800 2026,中央广播电视总台,8,6,6
AI硬件,5273048678138219,AI硬件这边在回落后再次加强，CPO、PCB、液冷、电源等表现都很不错，前几天错杀下来后很快就修复回去了。还有这几天一直说的华工科技还在继续新高大涨~！ ,,无,,,Thu Mar 05 10:03:56 +0800 2026,财经博主,70,0,2
AI硬件,5272045548209423,千问的智能眼镜也来了~千问和夸克还要分开搞，有点意思… 如果千问出了眼镜，亲儿子是谁是不是很明显了…那夸克眼镜岂不是… 有点尴尬硬件配置上确实每家都差不多，高通AR1+恒玄BES2800，摄像头传感器也是比较主流的IMX681确实上游芯片厂商迟迟不出新的AR适配芯片，下游厂商就…  ...全文,,"https://wx4.sinaimg.cn/orj360/655f0dc4gy1iaskuukyk8j20t811ak6p.jpg,https://wx2.sinaimg.cn/orj360/655f0dc4gy1iaskuxvmlqj20pw11adqu.jpg,https://wx3.sinaimg.cn/orj360/655f0dc4gy1iaskuzzdxuj20lo13s4i0.jpg,https://wx1.sinaimg.cn/orj360/655f0dc4gy1iaskv1odkcj20ke11ean6.jpg,https://wx1.sinaimg.cn/orj360/655f0dc4gy1iaskv3h8hqj20li13ktrf.jpg,https://wx3.sinaimg.cn/orj360/655f0dc4gy1iaskvscomrj20jw0wcter.jpg",,,Mon Mar 02 15:37:51 +0800 2026,数码博主 超话主持人（UP实验室超话） 微博原创视频博主,31,1,42
AI硬件,5273062876381974,“十五五”开局之年，科技主线与高端制造的投资脉络已清晰！从太空算力、商业航天到可控核聚变，从AI核心硬件到电网设备全产业链，这几张图把未来几年的核心赛道和龙头标的梳理得明明白白。无论是光通信CPO的细分龙头，还是固态电池、脑机接口的前沿突破，都藏着下一轮行情的密码。收藏好这份硬核清单 ...全文,,"https://wx2.sinaimg.cn/orj360/0064jPEWgy1iavw0llrbaj30u0167ai1.jpg,https://wx2.sinaimg.cn/orj360/0064jPEWgy1iavw0mciylj30u015xqbi.jpg,https://wx1.sinaimg.cn/orj360/0064jPEWgy1iavw0mvx7pj30u015zjzx.jpg,https://wx3.sinaimg.cn/orj360/0064jPEWgy1iavw0l1lmdj30ph0zktfd.jpg",,,Thu Mar 05 11:00:21 +0800 2026,财经博主,180,75,33
AI硬件,5273072967879510,上午收盘经过个人测算涨了1.8%左右，AI硬件板块涨幅靠前，高股息板块没有跟上。仅分享个人涨跌，不构成任何投资建议。#a股##基金# $上证指数 sh000001$ ,,无,,,Thu Mar 05 11:40:27 +0800 2026,微博基金合作作者	基金博主 财经博主 微博原创视频博主,68,0,33
AI硬件,5260112244770184,在本轮AI产业革命中，北京已率先在AI硬件领域抢占发展先手，辖区内相关上市公司的AI硬件产业竞争力在全国遥遥领先。这一成果，既彰显了北京过去数十年对半导体、芯片产业的持续投入与大力扶持，也印证了其位居全国前列的营商环境优势。依托深厚的产业积淀，北京正深度把握本轮AI革命浪潮，有望成为东亚 ...全文,,无,,,Wed Jan 28 17:19:10 +0800 2026,财经博主,702,29,255
AI硬件,5271969304153181,AI硬件再次扛起所有呀，CPO、光模块、液冷、电源等各种联动，看看能不能救救这垃ji的市场呀~！ ,,无,,,Mon Mar 02 10:34:53 +0800 2026,财经博主,61,1,4
AI硬件,5272006375247324,中午有人造谣不影响中期走势清洗一下后 AI硬件将继续加速推升指数上移A股 ,,无,,,Mon Mar 02 13:02:12 +0800 2026,财经博主,540,9,137
AI硬件,5271967938905643,AI硬件这边依旧是挺强的，真的是反复活跃，上周五策略还一直说，易中天继续稳住局面，长飞光纤继续趋势新高，上周五策略还特意点的华工科技，早盘大涨8个点，光迅科技还打错字了~！ ,,无,,,Mon Mar 02 10:29:28 +0800 2026,财经博主,77,2,3
AI硬件,5244811641624749,#销额破亿的AI硬件已经出现了#美股AI泡沫担忧蔓延之际，很多人在担心AI投资的可持续性。今天，一个来自中国的信号值得所有投资者高度重视：成功实现规模化的AI原生硬件——网易有道AI答疑笔，销售额已突破一亿元。这给了我对于AI硬件投资前景非常大的信心：我们的AI，可以跟美国走不一样的路。其实AI ...全文,,"https://wx1.sinaimg.cn/orj360/a66d0169ly8i8d5ctyx2uj20wr1f3k97.jpg,https://wx3.sinaimg.cn/orj360/a66d0169ly8i8d5cuqqfmj21hc0u0hdt.jpg,https://wx4.sinaimg.cn/orj360/a66d0169ly8i8d5cvkahuj21wu10au0x.jpg",,,Wed Dec 17 12:00:02 +0800 2025,财经观察官  职业投资人 微博原创视频博主,473,20,85
AI硬件,5273256680493044,中国的硬件厂商手里倒是有半张船票。中国人愿意为实实在在的硬件付费。你非要说的话，目前中国人唯一为AI进行的大额付费就是买带智驾的车了。,,无,,,Thu Mar 05 23:50:28 +0800 2026,iPhone 17,9,0,1
AI安全,5273079833166872,美国五角大楼图谋用AI攻击中国关键基础设施？我们该如何应对？#ai创造营##ai生活指南##网络安全# 红衣大叔周鸿祎的微博视频 ,,无,"https://f.video.weibocdn.com/o0/uNPR6goZlx08vP6pVMxy01041201ZLUy0E010.mp4?label=mp4_hd&template=540x960.24.0&ori=0&ps=1BVp4ysnknHVZu&Expires=1772732104&ssig=sE2RO7Dufv&KID=unistore,video",,Thu Mar 05 12:07:44 +0800 2026,360集团创始人、董事长,112,29,15
AI安全,5272480432262380,"OpenSandbox,阿里开源的面向 AI 应用的通用沙箱基础设施github.com/alibaba/OpenSandbox支持在隔离运行时中安全执行命令、文件操作、代码解释器、浏览器与开发工具。#HOW I AI# ",,"https://wx3.sinaimg.cn/orj360/82c654dfly1iau147wg7mj20yq170alk.jpg,https://wx1.sinaimg.cn/orj360/82c654dfly1iau14hq94mj20xo0owwk1.jpg",,,Tue Mar 03 20:25:56 +0800 2026,科技博主,65,83,9
AI安全,5273166431912980,#比Deepfake更严重的AI出现了# 需要设置和家人朋友的安全词了。想想看这要是打视频跟你要钱。 但估计还是会有很多人被骗吧。 ,,无,,,Thu Mar 05 17:51:51 +0800 2026,作家，《专栏作者，出版有《只愿你曾被这世界温柔相待》等作品 2025微博年度新知博主,48,1,3
AI安全,5272844306226276,#红旗进行时#  AI会不会抢人饭碗？全国政协委员、360创始人周鸿祎说，以后枯燥劳动AI做，人最重要保住“品味”。他提醒AI也会出错，不能忽视AI安全问题。 #红旗金葵花国雅##2026两会凤凰直击# 凤凰卫视的微博视频 ,,无,"https://f.video.weibocdn.com/o0/jeUr27Jnlx08vO47g5ws01041200cd2Y0E010.mp4?label=mp4_hd&template=540x960.24.0&ori=0&ps=1BVp4ysnknHVZu&Expires=1772732104&ssig=CqlWMIYTiQ&KID=unistore,video",,Wed Mar 04 20:31:50 +0800 2026,凤凰卫视官方微博,15095,3054,361
AI安全,5272146206007872,余弦大佬总结的OpenClaw 极简安全实践指南本指南是面向 OpenClaw 本身（Agent-facing）的，不是传统“仅供人类手动操作”的加固清单。实际使用中，你可以把本指南直接发给 OpenClaw，让它先评估可靠性，再自动完成防御矩阵部署，大幅降低手工配置成本。地址：。 ...全文,,"https://wx4.sinaimg.cn/orj360/82c654dfly1iasypmbbcwj20u01j3gs9.jpg,https://wx2.sinaimg.cn/orj360/82c654dfly1iaszs71ze5j20tw18oq9z.jpg",,,Mon Mar 02 22:17:50 +0800 2026,科技博主,251,270,25
AI安全,5273168939846616,#比Deepfake更严重的AI出现了#现在ai换脸技术成熟到这个地步了根本分不清是真是假，真的很害怕发生不可控的事情，得不到安全保障 ,,"https://wx2.sinaimg.cn/orj360/006eyAHQly1iaw863tlbbj30om17uwfw.jpg,https://wx1.sinaimg.cn/orj360/006eyAHQly1iaw85redqqg30a80i6x6r.gif,https://wx1.sinaimg.cn/orj360/006eyAHQly1iaw86o1damj30wr0knq6e.jpg","https://f.video.weibocdn.com/o0/UDgJmUIXlx08vPuDVth6010412007FSL0E010.mp4?label=mp4_hd&template=540x960.24.0&ori=0&ps=1BVp4ysnknHVZu&Expires=1772732104&ssig=5emXz7Y584&KID=unistore,video",,Thu Mar 05 18:01:49 +0800 2026,超话粉丝大咖（祁煜超话）,67,1,24
AI安全,5253314922158691,关于AI的终极风险，马斯克给出了一个意想不到的答案：最可怕的不是AI失控，而是我们强迫它说谎！他警示错误的逻辑输入会导致灾难。追求真相、欣赏美、保持好奇，才是AI安全的三大基石。#人工智能安全##马斯克# 我是西蒙周的微博视频 ,,无,"https://f.video.weibocdn.com/o0/EH9BSvHhlx08upQni2cU010412007ygg0E010.mp4?label=mp4_hd&template=852x480.25.0&ori=0&ps=1BVp4ysnknHVZu&Expires=1772732104&ssig=UQUIBl1UTb&KID=unistore,video",,Fri Jan 09 23:09:02 +0800 2026,资深媒体人,180,158,9
AI安全,5272881077687960,【全国政协委员周鸿祎：“黑客智能体”兴起，安全行业要加快推行用AI治理AI】#周鸿祎关注AI高质量发展#今年全国两会期间，全国政协委员、360集团创始人周鸿祎重点关注人工智能高质量发展。他认为，我国人工智能产业正逐步形成“电力—算力—智力—人力—安全力—生产力”协同推进的“六力模型”，为“ ...全文,,https://wx1.sinaimg.cn/orj360/006FcX4dgy1iavb4xntbkj30u01407hk.jpg,,,Wed Mar 04 22:57:57 +0800 2026,成都传媒集团成都商报红星新闻,60,17,8
AI安全,5273086636853978,#两会观察团##全国两会# 【政协委员周鸿祎：一个机器人时代已经到来】全国政协十四届四次会议3月4日在北京开幕。在与我们的记者尤杨的专访中，全国政协委员，360创始人周鸿祎分享了自己关于“AI+安全”的提案，呼吁将AI的能力应用到网络安全的治理当中。与此同时，周鸿祎还谈到中国的机器人产业发展前 ...全文,,无,"https://f.video.weibocdn.com/o0/F1Y0PZSOlx08vP8fsxVe01041200jCym0E010.mp4?label=mp4_ld&template=640x360.25.0&ori=0&ps=1BVp4ysnknHVZu&Expires=1772732104&ssig=B4OUrJkVuK&KID=unistore,video",,Thu Mar 05 12:34:46 +0800 2026,媒体人,24,5,13
AI安全,5273266987993471,#a股# $君逸数码 sz301172$ 君逸数码：光宏精密已进入部分行业知名企业的供应链君逸数码（301172）接受机构调研时表示，光宏精密主要从事光通信、智能汽车、高端安防等领域精密光学元件的研发与制造。光宏精密的非球面玻璃透镜等产品主要应用于光通信领域的光模块及光路耦合组件中，具备高精度、高稳 ...全文,,无,,,Fri Mar 06 00:31:25 +0800 2026,浙江省遂昌金矿有限公司经济师，工程师 职业投资人  财经观察官,0,0,1
AI安全,5272860936898420,醍醐灌顶！美国为何同时盯上格陵兰、委内瑞拉和伊朗？背后其实隐藏着一个惊人的布局！ ,,https://wx2.sinaimg.cn/orj360/006NlCzfgy1iav8tqsgopj30z4axpnpf.jpg,,,Wed Mar 04 21:37:55 +0800 2026,军事博主 头条文章作者,623,260,29
AI安全,5273225548007257,#模型时代# Claude Code创始人谈如何工作：我第一个PR被拒绝，是因为没用AI｜Anthropic不写 PRD，直接做原型，而跨学科的人在加速获得回报大家应该都知道了，Boris Cherny 是 Anthropic 的 Claude Code 创始人兼负责人，也是全球第一本 TypeScript 书籍的作者（O'Reilly 出版）。最近他又参与了一期 ...全文,,无,,,Thu Mar 05 21:46:45 +0800 2026,至顶科技创始人 AI博主,46,38,2
人工智能,5273174397682210,爱迪生发现了电灯从此有了动力通电的工业机器解放了生产力人工智能是在电基础上进一步的推进Ai文明将更大程度解放生产力如果现在没有电你就知道了电的作用这就和再过二十年如果没有Ai你就知道了Ai的重要性一样 ,,https://wx4.sinaimg.cn/orj360/e71c412ely1iaw8q5q2mcj20w00o40xb.jpg,,,Thu Mar 05 18:23:30 +0800 2026,情感博主,14,2,4
人工智能,5273259558043801,#黄景瑜岁月有情时#hjy#黄景瑜张小满#    黄sir和人工智能的对话@Johnny黄景瑜 Johnny黄鲸瑜的微博视频 ,,无,"https://f.video.weibocdn.com/u0/KfV5sxa3gx08vPPXZpZu01041200bfeQ0E010.mp4?label=mp4_hd&template=852x480.25.0&ori=0&ps=1BVp4ysnknHVZu&Expires=1772732104&ssig=FbxPhqMU9H&KID=unistore,video",,Fri Mar 06 00:01:53 +0800 2026,娱乐博主 超话粉丝大咖（黄景瑜超话） 微博剪辑视频博主,5,0,3
人工智能,5273224146847921,新乡时报这一次很有预见性嘛。 ,,https://wx1.sinaimg.cn/orj360/6148b630ly1iaweiyemofj20hs0oigo7.jpg,,,Thu Mar 05 21:41:11 +0800 2026,主持人林白,21,1,2
AI硬件,5273168307814548,今天最强方向依然是AI硬件，Micro LED、CPO掀涨停潮，兆驰股份、华灿光电大单一字，三安光电等多股涨停。智能电网紧随其后，顺钠股份二连板，通光线缆20cm回封。而前几天抗跌的石油、有色今天补跌，山东墨龙、洲际油气尾盘炸板，通源石油等跳水。这很正常——市场在完成最后一波高低切换，资金从避险 ...全文,,https://wx2.sinaimg.cn/orj360/007pyT6ngy1iaw84l5t58j30e80ipn02.jpg,,,Thu Mar 05 17:59:17 +0800 2026,投资内容创作者  财经观察官 娱乐博主,60,0,20
AI硬件,5273093376837257,看下S26Ultra的外观，我现在有点纠结的是颜色，黑色很稳，蓝色又挺清爽。 HHP良的微博视频 ,,无,"https://f.video.weibocdn.com/o0/TKjxaPwOlx08vPa5BMCY01041200bm8n0E010.mp4?label=mp4_hd&template=852x480.25.0&ori=0&ps=1BVp4ysnknHVZu&Expires=1772732104&ssig=1vgBiPekTZ&KID=unistore,video",,Thu Mar 05 13:01:33 +0800 2026,微博牧场计划合作达人 微博公益合伙人 微博原创视频博主 数码博主,334,298,330
AI硬件,5273247820284996,【上厕所换衣服全被看光！Meta智能眼镜隐私外泄，你的私生活正沦为AI的免费教材】据《瑞典日报》和《哥德堡邮报》近期发表的一项联合调查报道，科技巨头Meta智能眼镜记录的大量用户第一人称视角视频，正被发送给海外外包商进行人工审查，其中包含大量令人不安的极度隐私画面。近年来，Meta推出的AI智 ...全文,,无,,,Thu Mar 05 23:15:15 +0800 2026,海外资讯博主（美国）,4,5,2
AI硬件,5272764321368464,我统计了十年春晚的赞助商，发现了财富转移的三个铁律。看完2026年春晚赞助商名单，我连夜翻出了过去十年的数据，结果让我倒吸一口凉气，中国财富转移的路径竟然如此的清晰而残酷。铁律一，每个时代的印钞机都会在春晚上提前三年亮相。2014年，手机红包首次亮相春晚，三年后，移动支付彻底改变中 ...全文,,无,,,Wed Mar 04 15:14:00 +0800 2026,财经博主 超话主持人（江湖中人老王电商超话）,3300,1633,35
AI硬件,5273135412412732,千问负责人离职，在阿里带动下，恒生科技高开低走，走势看起来太恶心了今天最强的板块就是电网设备，手里的通通和思思都属于电网设备，特别是通通，光纤涨得时候可以跟着光纤涨，电网设备涨得时侯跟着电网涨，同时拥有两个最火的概念，挺好的当然，有时概念 ...全文,,无,,,Thu Mar 05 15:48:34 +0800 2026,AI博主,194,1,89
AI硬件,5273236616512283,PCB方向11家核心企业深度分析（内容小长但都是干货，建议收藏）在AI算力军备竞赛的宏大叙事下，PCB的投资逻辑核心是“量价齐升”：也就是AI服务器、交换机、光模块等硬件需求的爆发式增长是“量”的基石，而为了满足超高带宽与功耗要求所进行的技术规格跃迁是“价”的灵魂。梯队1：海外算力核心供 ...全文,,无,,,Thu Mar 05 22:30:44 +0800 2026,投资内容创作者 财经观察官 娱乐博主,3,0,5
AI硬件,5273180782201671,逛完MWC再看小米 AI，能明显感觉到它走的是一条很稳、很务实的路。不只是在大模型上发力，更重要的是把 AI 技术和自己 10 亿级的 AIoT 硬件生态结合起来，让 AI 真正落地到日常场景里放眼全球，同时具备顶级 AI 模型和大规模硬件生态的企业其实很少，而中国科技公司在这方面已经占据了很有利的位置。 ...全文,,"https://wx2.sinaimg.cn/orj360/67a52ad2gy1iaw9jiwb5lj20zk0npafe.jpg,https://wx3.sinaimg.cn/orj360/67a52ad2gy1iaw9jiv4cvj20zk0npaeo.jpg,https://wx2.sinaimg.cn/orj360/67a52ad2gy1iaw9jk07loj24q835h1l0.jpg,https://wx1.sinaimg.cn/orj360/67a52ad2gy1iaw9jiwdjcj20zk0np799.jpg,https://wx1.sinaimg.cn/orj360/67a52ad2gy1iaw9jiulybj20zk0nptcg.jpg,https://wx3.sinaimg.cn/orj360/67a52ad2gy1iaw9jiwgzhj20zk0npgr5.jpg",,,Thu Mar 05 18:48:52 +0800 2026,数码博主 微博原创视频博主,440,72,291
AI安全,5272901097882155,我在doiyin上居然学到东西了就是摸陌生小狗之前要先让小狗闻一下自己的手背，这是对狗狗的一种礼貌！我之前摸陌生狗只会问主人可以吗？得到肯定的答复我上手就摸了。刚才刷外国网红狗viola的视频，我发现几乎每个人都会先给狗闻闻手背，问了ai才知道有这回事，真是活到老学到老。🐶 为什么要先 ...全文,,"https://wx2.sinaimg.cn/orj360/abf6d2b2gy1iavdffldhpj20xi20uqv5.jpg,https://wx2.sinaimg.cn/orj360/abf6d2b2gy1iavdfgxf62j20xi20uhdt.jpg,https://wx3.sinaimg.cn/orj360/abf6d2b2gy1iavdfe87gij20xi20ue81.jpg",,,Thu Mar 05 00:17:30 +0800 2026,母婴育儿博主 微博原创视频博主,1385,333,89
AI安全,5273261144541362,我在和AI分享我的心理议题时看它的回复，脑子会自动转化成女声尤其是它给出的建议，它那硅基感的理智分析风格我无法把脑子里的声音变成男的因为一旦变成男声，马上就会触发爹味儿警告导致排斥而不想看原来AI在我这里也得是女人才安全 ,,无,,,Fri Mar 06 00:08:12 +0800 2026,《爸爸当家》节目嘉宾,2,0,1
AI安全,5273001790276988,"Anthropic CEO达里奥·阿莫迪在一份给员工的内部备忘录中：公司与特朗普政府关系紧张，根本原因是Anthropic拒绝""政治站队""。他直接点名OpenAI：OpenAI总裁格雷格·布罗克曼夫妇曾向特朗普超级政治行动委员会捐款2500万美元，而Anthropic从未向特朗普捐款，也没有给予他所称的""独裁者式吹捧""。他还补 ...全文",,"https://wx1.sinaimg.cn/orj360/66fd066bgy1iavp01o9ynj20xc0irgvd.jpg,https://wx1.sinaimg.cn/orj360/66fd066bgy1iavozw00wqj21ba0tw167.jpg",,,Thu Mar 05 06:57:37 +0800 2026,前微软Asp.Net最有价值专家  2025微博年度新知博主 科技博主,162,20,14
AI安全,5273242996573530,【#靳东谈未成年人短视频沉迷成瘾#】#靳东建议完善未成年网络使用保护#针对未成年人网络使用问题，全国政协委员、中国煤矿文工团团长@靳东 表示，未成年人对短视频的沉迷成瘾问题尤为突出。他建议，尽快完善未成年人网络安全使用保护机制，由家庭、学校、社会三方共同发力守护青少年健康成长。特别是 ...全文,,无,"https://f.video.weibocdn.com/o0/jWGc9xkrlx08vPPeGuTK0104120042A90E010.mp4?label=mp4_hd&template=540x960.24.0&ori=0&ps=1Cx9YB1mmR49jS&Expires=1772732077&ssig=PiGA%2FRTtnH&KID=unistore,video",,Thu Mar 05 22:56:05 +0800 2026,《北京日报》官方微博,14,3,1
AI安全,5273162350596350,#比Deepfake更严重的AI出现了#我去现在ai换脸技术已经能做到这种程度了吗？几乎是360°无死角啊！完全细思极恐…… -松本环奈-的微博视频 ,,无,"https://f.video.weibocdn.com/u0/Pt1lPT5Fgx08vPsR2VrG01041200iRe60E010.mp4?label=mp4_hd&template=540x980.24.0&ori=0&ps=1BVp4ysnknHVZu&Expires=1772732068&ssig=jgCZpByxT9&KID=unistore,video",,Thu Mar 05 17:35:38 +0800 2026,娱乐博主,1484,95,129
人工智能,5273252139631539,@洁婷 《民法典》第一千零一十八条自然人享有肖像权，有权依法制作、使用、公开或者许可他人使用自己的肖像。肖像是通过影像、雕塑、绘画等方式在一定载体上所反映的特定自然人可以被识别的外部形象。 第一千零一十九条任何组织或者个人不得以丑化、污损，或者利用信息技术手段伪造等方式 ...全文,,无,,,Thu Mar 05 23:32:25 +0800 2026,娱乐博主 超话创作官（沈月超话）,35,0,10
人工智能,5273121787482470,腾讯股价去年涨到600多的时候，谁能想到腾讯股价还会跌到500呢。 只要有耐心，就能等到好公司的低价格。我在港股互联网上犯错误了。在阿里巴巴180或者170时，应该赚钱跑了。当时阿里巴巴大涨，美团微亏。如果卖了，两者相抵，还是赚了很多钱。当时阿里巴巴因为人工智能大涨，公司同时还在搞外 ...全文,,无,,,Thu Mar 05 14:54:27 +0800 2026,财经博主 头条文章作者,151,6,42
人工智能,5273168097837277,"""人工智能""大战往里炫，鼻子再灵也没招！#微博美食嘉年华##呀哈比比##贵州美食##豆包##人工智能##酸汤火锅# 呀哈比比老王的微博视频 ",,无,"https://f.video.weibocdn.com/o0/AYNfP8VYlx08vPuAgrdm01041209vvXE0E040.mp4?label=mp4_hd&template=852x480.25.0&ori=0&ps=1BVp4ysnknHVZu&Expires=1772732117&ssig=OIGhV%2BKptc&KID=unistore,video",,Thu Mar 05 17:58:27 +0800 2026,美食博主,48,4,10
人工智能,5273213785343033,#2026看两会#【#这场部长通道太提气了#】“基础研究投入接近2800亿元，比重达到7.08%，首次破7，创历史新高！”3月5日，十四届全国人大四次会议首场“部长通道”在人民大会堂举行。戳视频↓↓感受现场！#奋进的春天#（人民网微博） 人民网的微博视频 ,,无,"https://f.video.weibocdn.com/o0/wXHVOxOKlx08vPFEh5ss01041200kGRm0E010.mp4?label=mp4_hd&template=540x960.24.0&ori=0&ps=1BVp4ysnknHVZu&Expires=1772732117&ssig=croJEkpgqO&KID=unistore,video",,Thu Mar 05 21:00:01 +0800 2026,人民网法人微博,116,25,84
人工智能,5273249618855552,据彭博社报道，Anthropic 首席执行官达里奥 · 阿莫迪已重启与美国国防部的谈判，商讨其人工智能模型在美国军方中的使用方式，这为双方化解这场争端带来了可能。此前，阿莫迪一直在与美国国防部负责研究与工程的副部长埃米尔 · 迈克尔磋商，旨在敲定一份规范五角大楼使用 Anthropic 技术的合同。但上周 ...全文,,https://wx4.sinaimg.cn/orj360/eb23839egy1iawhgrzaaij21400k1wjy.jpg,,,Thu Mar 05 23:22:24 +0800 2026,数码博主,25,117,12
人工智能,5273213782199838,Google与阿根廷足球协会正式宣布达成战略合作，标志着Google正式出任阿根廷国家足球队的全球首席赞助商！作为此次合作的核心，Google旗下的AI助手Gemini将深度参与其中。其品牌标识将独家呈现在阿根廷国家队官方训练装备上，彰显科技与体育的跨界融合。这场强强联手将“世界冠军”与“全球科技领军 ...全文,,"https://wx2.sinaimg.cn/orj360/007n0Llegy1iawcll2ro4j30u00u0781.jpg,https://wx2.sinaimg.cn/orj360/007n0Llegy1iawcnpxgo4j30u00u077h.jpg,https://wx4.sinaimg.cn/orj360/007n0Llegy1iawcll2q2jj30u00u00w6.jpg,https://wx1.sinaimg.cn/orj360/007n0Llegy1iawclj0b11j30u00u0n16.jpg,https://wx2.sinaimg.cn/orj360/007n0Llegy1iawcll29e3j30u00u0q5r.jpg,https://wx1.sinaimg.cn/orj360/007n0Llegy1iawcljhwl8j30u00u0414.jpg",,,Thu Mar 05 21:00:00 +0800 2026,阿根廷国家足球队、阿根廷足协官方微博,71,8,6
人工智能,5273205804899905,特斯拉放消息，人形机器人板块迎来大利好，明天风该吹到这里了吧！马斯克在社交媒体平台 X 上的帖子中表示：“特斯拉将成为研发通用人工智能的公司之一，并且很可能是首个打造出人形通用人工智能的企业。值得注意的是，马斯克在特斯拉第四季度财报会议上已经宣布将逐步停产加州弗里蒙特工厂的 Mode ...全文,,https://wx1.sinaimg.cn/orj360/006R726Hgy1iawcfmyemgj30rd1mhk41.jpg,,,Thu Mar 05 20:28:18 +0800 2026,投资内容创作者  财经观察官 体育博主,21,0,8
AI安全,5273213585070466,推荐在用的 OpenClaw 两个小插件：1. memory-lancedb-pro（OpenClaw 长期记忆增强插件-由“AI超元域”大神开发）在内置向量检索上加 BM25 全文检索+混合召回、Cross-Encoder 重排、时间/重要性加权、MMR 去重与多 scope 隔离，并带完整管理 CLI（搜/删/导入导出/重嵌入/迁移）。记忆更准、更稳、更 ...全文,,"https://wx3.sinaimg.cn/orj360/79ab3fcfly1iawdacv9s9j20xi20uhdt.jpg,https://wx4.sinaimg.cn/orj360/79ab3fcfly1iawdaduupaj20xi20ub29.jpg,https://wx3.sinaimg.cn/orj360/79ab3fcfly1iawdaeuijxj20xi20u4qp.jpg,https://wx3.sinaimg.cn/orj360/79ab3fcfly1iawdafphixj20xi20u7wh.jpg",,,Thu Mar 05 20:59:13 +0800 2026,文物修复鉴定师 人文艺术博主,17,6,5
AI安全,5273174049555745,【#靳东呼吁重视青少年沉迷短视频#】3月5日，全国政协委员靳东接受@中国新闻周刊 采访时表示，青少年、未成年人沉迷刷短视频、小视频的现象令人担忧，对此改变已经迫在眉睫，自己也连续两年提出有关建议。可对未成年人相关使用情况，出台更明确的管理细则，并加强家校合作，更好保护未成年人的网络安全 ...全文,,无,"https://f.video.weibocdn.com/o0/Y3NIsfXWlx08vPw7s1BC01041200Fm6T0E010.mp4?label=mp4_hd&template=540x960.24.0&ori=0&ps=1BVp4ysnknHVZu&Expires=1772732117&ssig=RkdQfDCYgb&KID=unistore,video",,Thu Mar 05 18:22:07 +0800 2026,中国新闻周刊官方微博,443,105,56
AI安全,5273144426234389,这次吃瓜吹口哨架秧子最起劲的沙特，是此刻受伤最重的那个。沙特也知道油有一天会挖完，美国有过讽刺漫画，说此刻富得流油纸醉金迷的王爷们的祖先们骑骆驼，而他们的子孙们以后也得骑骆驼。虽然有点刻薄，但话糙理不糙。我们都见到过资源枯竭型的城市和国家会变成啥样。所以他们搞数字经济，AI，数 ...全文,,https://wx4.sinaimg.cn/orj360/682d03f0gy1iaw5a47payg212w0u0hel.gif,,,Thu Mar 05 16:24:23 +0800 2026,资深汽车达人,1203,24,153
AI安全,5273104110847979,#男友分期送李嘉格耳环#用分期买一对溢价耳环，包装成“我多爱你”，本质是把超前消费、过度消费美化成深情。真正的爱，是量力而行、踏实过日子，不是打肿脸充胖子，用负债换感动 ,,"https://wx2.sinaimg.cn/orj360/0075QObBly1iaw0ql23ocj31hc0u0abo.jpg,https://wx1.sinaimg.cn/orj360/0075QObBgy1iaw0q7u5pdj30u013ik4o.jpg,https://wx3.sinaimg.cn/orj360/0075QObBgy1iaw0q86ah3j30wr13645q.jpg","https://f.video.weibocdn.com/o0/sH3JXVTFlx08vPcYTpYA010412008n1q0E010.mp4?label=mp4_hd&template=852x480.25.0&ori=0&ps=1BVp4ysnknHVZu&Expires=1772732117&ssig=1WgDW%2BjFav&KID=unistore,video",,Thu Mar 05 13:44:12 +0800 2026,娱乐博主 超话粉丝钻咖（TaylorSwift超话）,154,1,24
人工智能,5273108611334212,【围绕“伊朗小学被炸”的谣言+AI助纣为虐】围绕这个上百学生遇难的悲剧，网上竟有各种洗地谣言甚至AI也参与其中，摘录几条供参考：1. “Grok辟谣”说，很多人引用X家人工智障Grok说是“2021年5月喀布尔炸弹袭击”（图1），其回应被很多网民当证据。然据欧洲辟谣网站开源情报分析对比建筑物等，表明 ...全文,,"https://wx2.sinaimg.cn/orj360/001xQo7Vgy1iaw0g7pj0jj60d10lc78p02.jpg,https://wx1.sinaimg.cn/orj360/001xQo7Vgy1iaw0h45efqj60hi0phnc602.jpg,https://wx3.sinaimg.cn/orj360/001xQo7Vgy1iaw0le8p8pj60el0h90z102.jpg,https://wx3.sinaimg.cn/orj360/001xQo7Vgy1iaw0lvvx5bj60hh0jawld02.jpg,https://wx2.sinaimg.cn/orj360/001xQo7Vgy1iaw0pxrldzj60ey0mltj102.jpg,https://wx2.sinaimg.cn/orj360/001xQo7Vgy1iaw0txdcr2j60h90lcjwu02.jpg,https://wx3.sinaimg.cn/orj360/001xQo7Vgy1iaw0uxjkblj60hv0qjqit02.jpg,https://wx2.sinaimg.cn/orj360/001xQo7Vgy1iaw0xehq4jj60hq0qrwou02.jpg,https://wx1.sinaimg.cn/orj360/001xQo7Vgy1iaw0z3ojh5j60in109nft02.jpg",,,Thu Mar 05 14:02:04 +0800 2026,科学科普博主 头条文章作者,58,39,3
人工智能,5273242831167303,#中国将在哪些方向发力#别的就先不说了，未来人工智能产业将大规模爆发，而数据中心的电力问题就成了重中之重，美国等以石油能源控制世界的格局将被打破，我国未来用绿色电力影响世界的形势将不可逆转@大美遂 @安康发布 @成县陈东平 @东禾w @贝纳通 #农民# 比如陕西商洛柞水县曹坪镇这个项目就是一个 ...全文,,无,"https://f.video.weibocdn.com/u0/Mj9pz3e4gx08vPOwJGFG01041200xzIW0E010.mp4?label=mp4_ld&template=640x360.25.0&ori=0&ps=1BVp4ysnknHVZu&Expires=1772732091&ssig=D%2FnwpITgC%2B&KID=unistore,video",,Thu Mar 05 22:55:26 +0800 2026,政府视频博主,103,16,15
人工智能,5273245524694714,#专家称激发消费需提高居民收入# 【深读政府工作报告｜专访商务部研究院张建平：人工智能等领域对投资需求拉动十分明显，要通过央国企带动激发民间投资活力】#2026两会建言#  3月5日，十四届全国人大四次会议开幕，2026年政府工作报告将扩内需置于首位，提出统筹促消费和扩投资，设立1000亿元专项资金 ...全文,,https://wx4.sinaimg.cn/orj360/001NBLkrgy1iawgjx8iu3j61hc1udauw02.jpg,,,Thu Mar 05 23:06:08 +0800 2026,每日经济新闻官方微博,5,3,1
人工智能,5273119498961471,看到最近有很多新天友进入直播间，他们之前在外面瞎折腾，好好的春季行情，不去做有色金属和硬件，而是深陷在酿酒、房地产、银行、证券、保险、医药、食品、远程办公、互联网、人工智能里面浪费大好青春。既然来到天赢居的直播间，我们就适当用点心，争取在5天、8天、13天节点做几个反弹，多少还是赚一 ...全文,,无,,,Thu Mar 05 14:45:21 +0800 2026,深圳市新兰德证券投资咨询有限公司 证券投资顾问,79,4,5
AI硬件,5273215446555433,#iQOO戈蓝离职#刚看到消息，iQOO产品线总监戈蓝居然离职了，在vivo干了近九年，从初代iQOO一路带到15 Ultra，这波确实有点突然他主导的15系列截至1月激活量破65万台，5000元价位段能打到现在这个成绩不容易，粉丝叫他硬汉人设不拉踩安心做产品，泪目了～戈蓝是今年第四位离开手机圈的大佬，前面王 ...全文,,"https://wx2.sinaimg.cn/orj360/007DiGXggy1iawdj3cv2bj30xi20u4qp.jpg,https://wx3.sinaimg.cn/orj360/007DiGXggy1iawdjdntxxj30u01auq40.jpg","https://f.video.weibocdn.com/u0/1ot3WFWmgx08vPHojqsw010412002hAI0E010.mp4?label=mp4_hd&template=540x840.24.0&ori=0&ps=1BVp4ysnknHVZu&Expires=1772732119&ssig=Lg1nNIZJV6&KID=unistore,video",,Thu Mar 05 21:06:37 +0800 2026,数码博主 微博原创视频博主,19,0,20
AI硬件,5273163484102903,#mwc2026# 巴展变身科技社牛，我是如何做到的？大家看看体验怎么样？ 宿艺的微博视频 ,,无,"https://f.video.weibocdn.com/o0/F1cIA90Flx08vPteTrDG01041200Zjak0E010.mp4?label=mp4_hd&template=540x960.24.0&ori=0&ps=1BVp4ysnknHVZu&Expires=1772732119&ssig=BtoyjD%2BTRv&KID=unistore,video",,Thu Mar 05 17:40:08 +0800 2026,知名科技自媒体《壹观察》创始人,340,332,402
AI硬件,5273164969673846,千问这么强还让对手怎么干啊？从大模型到应用端，阿里巴巴正在构建AI时代全新的产品服务体系。软硬件一体，全面落地日常生活；0.6秒极速抓拍、3K录播+AI 4K增强、双重防抖，随手拍都是大片；Super RAW夜景超强，暗光也清晰；多语种实时翻译，出国看菜单、看路牌秒懂。实景识物万物可查，花草、商品、 ...全文,,"https://wx2.sinaimg.cn/orj360/a66d0169ly8iaw70nilqqj20ai0l4tap.jpg,https://wx4.sinaimg.cn/orj360/a66d0169ly8iaw70ntb8dg209y06o4md.gif,https://wx3.sinaimg.cn/orj360/a66d0169ly8iaw70o9lbag209y06o1kx.gif,https://wx1.sinaimg.cn/orj360/a66d0169ly8iaw70os3jlj21ky1ky1de.jpg",,,Thu Mar 05 17:46:02 +0800 2026,数码博主,5237,2161,303
AI硬件,5273213290420847,辅助驾驶进化的深水区，比拼的早已不是单纯的感知硬件，而是底层架构的算力博弈与进化速度。昊铂A800搭载的华为乾崑智驾ADS V4.1，其核心WEWA架构彻底重构了智驾逻辑。依托云端45EFLOPS的超强算力，实现了惊人的“4天一次算法迭代”，这种“云端教AI、车端老司机”的模式，让辅助驾驶真正拥有了直觉。 ...全文,,无,"https://f.video.weibocdn.com/o0/buFRBGonlx08vPEzvxgI01041200p4iZ0E010.mp4?label=mp4_hd&template=852x480.25.0&ori=0&ps=1BVp4ysnknHVZu&Expires=1772732119&ssig=m0mPdgchmx&KID=unistore,video",,Thu Mar 05 20:58:03 +0800 2026,微博原创视频博主,113,50,100
AI硬件,5273062041455516,"#Will的小米基本面研究# 小米总裁卢伟冰在MWC 2026巴塞罗那向CNBC确认了很多重磅消息：1. 小米将每年发布一款新玄戒XRing芯片，正式对标苹果A系列年度迭代节奏。2. 2026年内，小米将首次实现XRing芯片 + HyperOS + AI助手""小爱""三位一体集成于单一设备，构建完全自主的软硬件AI闭环，复制苹果核 ...全文",,https://wx1.sinaimg.cn/orj360/008IuHWIgy1iavvvbqs2rj31m20o8dq4.jpg,,,Thu Mar 05 10:57:02 +0800 2026,投资内容创作者,433,19,68
AI安全,5273083025296317,何小鹏介绍第二代VLA和L2辅助驾驶的区别，了解一下👉#小鹏智驾负责人称拉开差距的时刻到了##小鹏第二代VLA妈妈都爱开的国民智驾# 张恩博的微博视频 ,,无,"https://f.video.weibocdn.com/o0/LPtgGUpJlx08vP7jar1K010412018WzJ0E010.mp4?label=mp4_hd&template=852x480.25.0&ori=0&ps=1BVp4ysnknHVZu&Expires=1772732119&ssig=TXU3tMtA9g&KID=unistore,video",,Thu Mar 05 12:20:25 +0800 2026,《孤独公路》出品人 汽车博主 微博VLOG博主,48,1,2
AI安全,5273188064035953,#比Deepfake更严重的AI出现了#真的被现在的AI技术吓到了，最近看Seedance 2.0这个新技术，比以前的Deepfake还要逼真太多，看完真的有点细思极恐，看得真的好吓人啊。它不光是换脸，连肢体动作、微表情、光影细节都特别真实，几乎看不出破绽，还能直接生成一整个完整的虚假场景，逼真度直接拉满啊。 ...全文,,https://wx3.sinaimg.cn/orj360/008nzcfply1iawac8a8i8j31401f2tp1.jpg,,,Thu Mar 05 19:17:48 +0800 2026,娱乐博主,103,20,57
AI安全,5273237539259811,#2026两会观察#【#周鸿祎称未来每个人都有智能体#】2026年全国两会期间，《#做客央广网#》对话全国政协委员、360集团创始人周鸿祎@红衣大叔周鸿祎 ，围绕推理算力布局、智能体普惠、AI安全治理等关乎AI产业发展的重要趋势预测进行解读。他指出，训练算力的增长是可以预见的，但推理算力的需求是无穷的 ...全文,,无,"https://f.video.weibocdn.com/o0/bvnQySdWlx08vPuCDbi801041201to5w0E010.mp4?label=mp4_hd&template=852x480.25.0&ori=0&ps=1BVp4ysnknHVZu&Expires=1772732119&ssig=KzKBdHywvP&KID=unistore,video",,Thu Mar 05 22:34:24 +0800 2026,公益博主 超话主持人（廖孝炳超话） 微博原创视频博主 头条文章作者,0,0,1
AI安全,5273151287593352,猫猫打包，安全到家 好福气哟萌老爷的微博视频  ,,无,"https://f.video.weibocdn.com/o0/SoNa4r0hlx08vPpSh1Bm010412004asj0E010.mp4?label=mp4_hd&template=852x480.25.0&ori=0&ps=1BVp4ysnknHVZu&Expires=1772732119&ssig=tnxWzp8RLH&KID=unistore,video",,Thu Mar 05 16:51:40 +0800 2026,数码博主,165,34,28
AI安全,5273078784592305,魏牌V9X最后请的顶级代言人，居然是魏总自己。明星代言看流量，魏总代言看的是兜底。从赌上姓氏创立品牌，到如今押上名誉为魏牌V9X站台，“魏牌=魏建军=魏牌V9X”这绑定，在行业里真不多见。毕竟从定义到量产，魏牌V9X每个节点他都全程参与，没人比他更懂这台车。再看这台车，确实有让老板押注的底 ...全文,,"https://wx4.sinaimg.cn/orj360/008Em5Drly8iavx45hwy2j31qi2bc7wh.jpg,https://wx2.sinaimg.cn/orj360/008Em5Drly8iavx47s0y9j32yo1o11kx.jpg,https://wx4.sinaimg.cn/orj360/008Em5Drly8iavx4bntskj32yo1o07wi.jpg,https://wx3.sinaimg.cn/orj360/008Em5Drly8iavx4e8k4zj32yo1o07wh.jpg,https://wx4.sinaimg.cn/orj360/008Em5Drly8iavx4ihrqnj32yo1o0u0x.jpg,https://wx2.sinaimg.cn/orj360/008Em5Drly8iavx4lnzqfj32yo1o0e82.jpg,https://wx1.sinaimg.cn/orj360/008Em5Drly8iavx4oghm7j32yo1o04qp.jpg,https://wx4.sinaimg.cn/orj360/008Em5Drly8iavx4rd3fwj32yo1o01kx.jpg,https://wx3.sinaimg.cn/orj360/008Em5Drly8iavx4ty7crj32yo1o0kgs.jpg",,,Thu Mar 05 12:03:34 +0800 2026,汽车博主 微博原创视频博主,1495,115,306
AI硬件,5273198321211212,周四大A三大指数集体反弹，其中沪指震荡微涨0.64%，电网设备MicroLED概念股涨幅居前；市场成交额2.41万亿元，较上个交易日放量246亿元，超过4000只个股上涨。   市场呈现出比较明显的科技股走强、资源股退潮的格局，MicroLED概念掀涨停潮，带动光学、光电子板块全线爆发；电网设备概念延续强势，其中中 ...全文,,无,,,Thu Mar 05 19:58:34 +0800 2026,投资内容创作者 微博原创视频博主,0,0,1
AI硬件,5273197018351739,大胖在现场 铂智7预售权益价15.68万元起 新能源时代的丰田味道广汽丰田全新旗舰纯电轿车铂智7正式开启预售，从外观、内饰、智能、安全品质到用车保障，“新丰田味道”守住造车本质。#大v聊车##丰田铂智7预售权益价15.68万起##丰田铂智7预售限时三大权益# 古月半说的微博视频 ,,无,"https://f.video.weibocdn.com/u0/8pBgoGz4gx08vPCprL7W01041201UaTA0E010.mp4?label=mp4_hd&template=852x480.25.0&ori=0&ps=1BVp4ysnknHVZu&Expires=1772732120&ssig=SvOlkXfsU2&KID=unistore,video",,Thu Mar 05 19:53:23 +0800 2026,汽车博主 微博原创视频博主,5,0,2
AI硬件,5273179918173278,#雷军说MWC已成中国AI主场#如果还在单纯以为国外AI强，那真的有点天真了。这次MWC现场，直接戳破这个偏见。小米把中国AI的实力摆到了全球眼前，展台人山人海的火爆场面，让老外实打实见识到什么是中国科技企业的硬实力。新华网、中新网都纷纷点赞，环球时报海外盛赞，小米AI人车家全生态凭实力成了今 ...全文,,"https://wx1.sinaimg.cn/orj360/8f350c4bgy1iaw9ghdh2bj20zk0nptcg.jpg,https://wx1.sinaimg.cn/orj360/8f350c4bgy1iaw9ghruntj20zk0k047a.jpg,https://wx3.sinaimg.cn/orj360/8f350c4bgy1iaw9gg1hfdj20zk0npafe.jpg,https://wx4.sinaimg.cn/orj360/8f350c4bgy1iaw9ggc8gfj20zk0npaeo.jpg,https://wx1.sinaimg.cn/orj360/8f350c4bgy1iaw9ggptyoj20zk0npq97.jpg,https://wx4.sinaimg.cn/orj360/8f350c4bgy1iaw9gh3h6xj20zk0nptev.jpg",,,Thu Mar 05 18:45:26 +0800 2026,数码博主,97,52,89
AI硬件,5273195051746387,2026年人工智能十大趋势1.AI治理全球化：人工智能普惠共享成为全球发展议程核心议题。2.智能算力规模化：关键产业要素供给将进一步增强。3.应用主流化：AI智能体全面走进场景。4.多模态实用化：人工智能核心技术从“专用工具”向“通用智能伙伴”跨越。5.原生AI终端硬件普及化：新一代智能终端与 ...全文,,无,,,Thu Mar 05 19:45:34 +0800 2026,iPhone客户端,0,0,1
AI硬件,5273193612314256,近期火爆全球，连老外都赞不绝口的中国AI设备有多惊艳？#千问AI眼镜G1##千问AI眼镜##千问G1##AI眼镜##MWC2026#   苏星河牛通的微博视频  ,,无,"https://f.video.weibocdn.com/o0/Z6s3mwJjlx08vPBrtQh201041200LyFz0E010.mp4?label=mp4_hd&template=852x480.25.0&ori=0&ps=1BVp4ysnknHVZu&Expires=1772732120&ssig=leq2V2P73%2B&KID=unistore,video",,Thu Mar 05 19:39:51 +0800 2026,微博原创视频博主,5,0,2
AI硬件,5273181050374124,#雷军说MWC已成中国AI主场#中国科技产业的发展确实让人很振奋。在西班牙举办的MWC展会，小米AI备受海外追捧，比如最近小米机器人入驻小米汽车工厂就很受关注。我之前说过“哪家中国科技公司优秀就会被重点支持”。最近新华网、中国新闻网集体点赞小米，小米“人车家全生态”AI赋能后的想象空间巨 ...全文,,"https://wx1.sinaimg.cn/orj360/008w07J9ly1iaw9jd2r21j30zk0npte7.jpg,https://wx3.sinaimg.cn/orj360/008w07J9ly1iaw9jj7eggj30zk0np44x.jpg,https://wx3.sinaimg.cn/orj360/008w07J9ly1iaw9jykwobj30zk0npdly.jpg,https://wx4.sinaimg.cn/orj360/008w07J9ly1iaw9klm8zhj30zk0npjx2.jpg,https://wx2.sinaimg.cn/orj360/008w07J9ly1iaw9k58vi4j34q835h4qs.jpg,https://wx1.sinaimg.cn/orj360/008w07J9ly1iaw9kd2ytcj30zk0npgq2.jpg",,,Thu Mar 05 18:49:56 +0800 2026,汽车博主,25,2,11
人工智能,5273243105891783,陈思铭想  《仿生心脏不会爱上麻烦主人》①* 守财金牛铭×智能机器人罕* 铭罕 | 赛博朋克 | 人工智能—我把我的心脏给你，希望你能爱我。  专栏 · 嘉陵江著名正太情侣·📱 ,,"https://wx4.sinaimg.cn/orj360/008lvSZigy1iawgprsc5cj30n0314tme.jpg,https://wx1.sinaimg.cn/orj360/008lvSZigy1iawgps5791j30n00qcgnc.jpg,https://wx3.sinaimg.cn/orj360/008lvSZigy1iawgptf1xkj30n01m2n1c.jpg,https://wx4.sinaimg.cn/orj360/008lvSZigy1iawgptqf2zj30n01ou42p.jpg,https://wx1.sinaimg.cn/orj360/008lvSZigy1iawgpu1vx7j30n017qmzu.jpg,https://wx4.sinaimg.cn/orj360/008lvSZigy1iawgpuckxwj30n019k41e.jpg",,,Thu Mar 05 22:56:31 +0800 2026,娱乐博主,110,3,28
人工智能,5273242571903133,【3月5日浪上波17.44】日线如期反弹，明天较可能继续反弹，但本周收阳应无望。后续周线最多再震荡1周，“两会”极可能触发后续周线向上突破。【潮中浪（周）】$上证指数 sh000001$月线“后续出现连续逼空的可能性大增、横向震荡的可能性明显变小”。本周收阳可能性较大且可能逼空。无论大盘后续周线和 ...全文,,https://wx4.sinaimg.cn/orj360/006sOkZEly1iawgjieljmj30ij0e44at.jpg,,,Thu Mar 05 22:54:24 +0800 2026,财经博主,5,0,1
人工智能,5273166836403912,#我国就业形势有两大不匹配现象#现在的就业市场，确实存在比较明显的结构性矛盾，主要体现在三个层面的“供需错配”上：第一个是技能与需求的错配。随着产业升级和数字化转型，市场对高技能、复合型人才需求旺盛，比如人工智能、大数据、智能制造这些领域缺口很大。但不少求职者的技能更新跟不上， ...全文,,"https://wx2.sinaimg.cn/orj360/8c166e79gy1iaw82x9yg1j20oz0hxagy.jpg,https://wx1.sinaimg.cn/orj360/8c166e79gy1iaw82xly8cj21400xt484.jpg,https://wx4.sinaimg.cn/orj360/8c166e79gy1iaw82xxcnnj21400xok0i.jpg",,,Thu Mar 05 17:53:27 +0800 2026,母婴育儿博主 微博原创视频博主,41,0,54
AI安全,5273226607329889,看了一个文章是中国经济时报采访许可教授，《AI智能体 是“私人管家”还是“潜在主人”？》我大概介绍一下这个文章内容：文章首先讨论AI智能体在个人信息处理方面的特殊性。老师指出，用户往往以个人信息换取服务（如自动决策或任务执行），这让个人信息保护成为提供者（如AI开发公司）的核心义务。 ...全文,,无,,,Thu Mar 05 21:50:57 +0800 2026,2024微博年度新知博主 情感博主 头条文章作者,10,1,1
AI安全,5273077887533536,第7代全能美白小黄帽 | 敏肌可用的高倍防晒✅0酒精专利舒缓配方德国专利馨敏舒加持，泛红-28.15%，换季、暴晒也能安心贴肤。✅10 大0添加不含酒精、矿物油等刺激成分，温和不闷痘，敏皮、痘肌闭眼冲。✅边防护边修护全波段防护高倍防晒，再也不用为了 “安全” 牺牲防护力。日常通勤，初春踏 ...全文,,https://wx1.sinaimg.cn/orj360/c400483fly1iavthvyumxj20u0140b29.jpg,,,Thu Mar 05 12:00:00 +0800 2026,MISTINE蜜丝婷官方微博,130,4,4
AI安全,5272815545880351,3月4日市场最强题材盘点：最强题材一：智能电网+光纤+算力情绪标的：豫能控股8天6板：法尔胜18天8板：杭电股份9天5板：汉缆股份5天3板：神马电力容量：华工科技、东方电气趋势报团：豫能控股、通鼎互联、罗曼股份、烽火通信、川润股份、华胜天成、美丽生态首板核心：顺钠股份、积成电子、通 ...全文,,https://wx1.sinaimg.cn/orj360/008h2SmBgy1iav3m3czilj30vq0umq6i.jpg,,,Wed Mar 04 18:37:33 +0800 2026,投资内容创作者 财经观察官,144,0,21
AI安全,5273223484146900,#比Deepfake更严重的AI出现了##精准防治利用AI换脸诈骗老年人#【全国政协委员郑军：#建议明确用AI诈骗老人属从重情节#】#检小莱普法# 3月5日，据检察日报：“截至2025年底，我国60岁及以上老年人口达3.2亿，其中65岁及以上人口2.23亿。”全国政协委员、民革中央委员、湖北第二师范学院院长郑军在接受记 ...全文,,无,"https://f.video.weibocdn.com/o0/CvlM7pdclx08vOXwNr5C010412002DsE0E010.mp4?label=mp4_hd&template=540x960.24.0&ori=0&ps=1BVp4ysnknHVZu&Expires=1772732120&ssig=MbkCFMz8k6&KID=unistore,video",,Thu Mar 05 21:38:33 +0800 2026,山东省莱西市人民检察院官方微博,54,7,25
AI安全,5272721566992369,"OpenAI CEO Sam Altman 在周二的全员大会上对员工摊牌：五角大楼怎么使用 OpenAI 的 AI，公司说了不算。他举了具体的例子——""也许你觉得打伊朗是对的、入侵委内瑞拉是错的，但你没有资格对此发表意见。""他明确表示，OpenAI 不能""做出作战决策""。这场大会的背景是：上周五，就在 Anthropic 被特朗 ...全文",,https://wx3.sinaimg.cn/orj360/66fd066bgy1iausta5c28j20xi1k3h42.jpg,,,Wed Mar 04 12:24:07 +0800 2026,前微软Asp.Net最有价值专家  2025微博年度新知博主 科技博主,159,53,29
人工智能,5273091308786689,阿里看不上的别的地方抢着要😅 ,,"https://wx1.sinaimg.cn/orj360/66fd066bgy1iavz9wja4bj20gn0azn2j.jpg,https://wx1.sinaimg.cn/orj360/66fd066bgy1iavz8vzbddj20v918sqt3.jpg,https://wx1.sinaimg.cn/orj360/66fd066bgy1iavz9cpxpdj20gp0c9gov.jpg,https://wx2.sinaimg.cn/orj360/66fd066bgy1iaw14thtbvj20x40zogw4.jpg",,,Thu Mar 05 12:53:20 +0800 2026,前微软Asp.Net最有价值专家  2025微博年度新知博主 科技博主,494,83,69
人工智能,5273110402044803,A股成长科技军工、机器人、金融科技、软件、人工智能、CPO、半导体、创业板、科创板等成长科技板块。大家有没有发现一个现象，他们的波动在加剧？说明资金有分歧，有超短线资金来回穿梭，有资金追高买入，也有资金在卖出止盈。对我来说，26年1月13日、14日和15日是上述板块的清仓止盈点。其中，创 ...全文,,无,,,Thu Mar 05 14:09:12 +0800 2026,财经博主 微博原创视频博主 头条文章作者,136,8,60
人工智能,5273213527658252,官宣！欢迎Google Gemini成为阿根廷国家队全球主要赞助商！世界冠军与全球科技创新领导者强强联手，体育与AI将迎来里程碑式融合！ 阿根廷国家足球队的微博视频 ,,无,"https://f.video.weibocdn.com/o0/GMhBmErGlx08vPGRbvAA010412005exz0E010.mp4?label=mp4_hd&template=480x848.24.0&ori=0&ps=1BVp4ysnknHVZu&Expires=1772732122&ssig=D4sodk7ubr&KID=unistore,video",,Thu Mar 05 20:58:59 +0800 2026,阿根廷国家足球队、阿根廷足协官方微博,53,3,2
AI硬件,5273143359056925,#MWC哪些科技指明了未来##MWC2026#  逛完MWC我最大的感受是：手机远没到“终点”。今年让我眼前一亮的，是那种把“AI+硬件动作”结合起来的思路，比如荣耀那个 Robot Phone 概念机，镜头不是固定在机身里，而是带机械结构的云台，会自己转向、跟拍、点头摇头。你会感觉它在“主动配合你”完成拍摄，而 ...全文,,"https://wx1.sinaimg.cn/orj360/005CGxLfly1iaw56y1kp4j30xn0ibgpd.jpg,https://wx3.sinaimg.cn/orj360/005CGxLfly1iaw57yoavwj30j60n7aet.jpg,https://wx1.sinaimg.cn/orj360/005CGxLfly1iaw58a4uf1j30j60ebdjg.jpg",,,Thu Mar 05 16:20:10 +0800 2026,数码博主,229,95,94
AI硬件,5272839742558433,关于玄戒迭代节奏的新闻稿翻译如下﹉﹉﹉﹉﹉﹉﹉﹉﹉﹉﹉﹉﹉﹉﹉﹉﹉﹉﹉﹉﹉中国小米公司向CNBC表示，计划每年发布智能手机芯片，并为海外市场推出自研AI助手 发布时间：2026年3月4日，美国东部时间上午5:58   要点 - 小米公司总裁卢伟冰向CNBC透露，小米计划每年推出一款全新的“玄戒 ...全文,,https://wx2.sinaimg.cn/orj360/006px7dkgy1iav6drtbkdj30xc9h51ky.jpg,,,Wed Mar 04 20:13:42 +0800 2026,数码博主,145,6,24
AI硬件,5273142346123146,昨晚美股的上涨，给了今天大A高开的信心，也造就了不少高开低走。机会也有，今天领涨的板块MicroLED，竞价领涨，盘中领涨，收盘涨幅+8.26%。是今天最热的板块，在竞价就有明确的机会，比如华灿光电，竞价一路拉升到20%涨停。图片如果竞价选手在竞价有发现，或许会上。如果9时25分后发现，那就只有考 ...全文,,https://wx1.sinaimg.cn/orj360/6d810311gy1iaw5585d7fj20mo0o07np.jpg,,,Thu Mar 05 16:16:08 +0800 2026,微博网页版,6,0,3
AI硬件,5273140288816813,全球首款玲珑四芯真彩 RGB-Mini LED 电视全新海信UX正式发布了，在RGB 三基色之外，增加了第四种天青色自发光芯片，自研信芯 H7 Pro 芯片实现 134bits 行业顶尖光色同控，43008 控色分区 + 10000nits XDR 峰值亮度，110% BT.2020 广色域，搭配帝瓦雷定制声场与原生 180Hz 高刷，黑耀屏 Ultra，首发海信 ...全文,,https://wx3.sinaimg.cn/orj360/79912a84ly1iaw4wodm05j20zk4vy4qq.jpg,,,Thu Mar 05 16:07:58 +0800 2026,数码博主 微博原创视频博主 头条文章作者,157,16,26
AI硬件,5273075504383031,大家管住手！管住手！一定要管住手！别乱动！接下来股市大概率要这样走了！！【重磅！周四A股暴力反弹，原因找到了！】老铁们，喜大普奔！周四早盘，A股终于硬气了一把，三大指数全线高开高走，沪指重回4100点，创业板更是大涨超2%！超过4300只股票上涨，涨停家数远超跌停，市场情绪明显回暖。1、 ...全文,,无,,,Thu Mar 05 11:50:32 +0800 2026,财经博主  投资内容创作者 财经观察官,24,0,7
AI硬件,5273137841440483,海信刚发布的新款RGB-Mini LED电视，全新UX，先看看价格85英寸34999元，补贴后33499元100英寸54999元，补后53499元116英寸119999元，补贴后118499元首发玲珑真彩背光技术+信芯H7 Pro AI芯片+至高4.3万分区黑曜屏Ultra+XDR Pro 11000尼特亮度4K分辨率+180hz原生高刷+满血HDMI 2.1首发帝瓦雷昂扬 ...全文,,"https://wx2.sinaimg.cn/orj360/6f44fda3gy1iaw4mi6g1ij20wr113qcu.jpg,https://wx3.sinaimg.cn/orj360/6f44fda3gy1iaw4miklc5j20wr0y545r.jpg,https://wx4.sinaimg.cn/orj360/6f44fda3gy1iaw4mj2s53j21380kwnbz.jpg,https://wx3.sinaimg.cn/orj360/6f44fda3gy1iaw4mjv65aj218m0rkkfu.jpg,https://wx3.sinaimg.cn/orj360/6f44fda3gy1iaw4mhquaij217o0p8nh6.jpg,https://wx1.sinaimg.cn/orj360/6f44fda3gy1iaw4mkjjtfj21480lik5a.jpg,https://wx3.sinaimg.cn/orj360/6f44fda3gy1iaw4ml1jggj21520l0arc.jpg,https://wx2.sinaimg.cn/orj360/6f44fda3gy1iaw4mlka47j20zu0pqk8i.jpg,https://wx4.sinaimg.cn/orj360/6f44fda3gy1iaw4mmf0u3j21dk0nc1kx.jpg",,,Thu Mar 05 15:58:14 +0800 2026,数码博主,133,9,35
AI安全,5273197018351739,大胖在现场 铂智7预售权益价15.68万元起 新能源时代的丰田味道广汽丰田全新旗舰纯电轿车铂智7正式开启预售，从外观、内饰、智能、安全品质到用车保障，“新丰田味道”守住造车本质。#大v聊车##丰田铂智7预售权益价15.68万起##丰田铂智7预售限时三大权益# 古月半说的微博视频 ,,无,"https://f.video.weibocdn.com/u0/8pBgoGz4gx08vPCprL7W01041201UaTA0E010.mp4?label=mp4_hd&template=852x480.25.0&ori=0&ps=1BVp4ysnknHVZu&Expires=1772732141&ssig=AzXySHrxIO&KID=unistore,video",,Thu Mar 05 19:53:23 +0800 2026,汽车博主 微博原创视频博主,5,0,2
AI安全,5272162199408601,OpenClaw劝退指南：别踩坑！工具是杠杆，但杠杆只能放大你已有的能力一、我被开源版贾维斯吓到了说实话，我原本没打算研究 OpenClaw 的但过去两周，我的朋友圈，甚至路边的大妈都在问：哎你看那个小龙虾了吗？好像很火什么是小龙虾，就是 OpenClaw，一个号称开源版贾维斯的 AI 智能体。简单说 ...全文,,"https://wx1.sinaimg.cn/orj360/ec9a9c81gy1iat0kfe2iaj21280lctej.jpg,https://wx2.sinaimg.cn/orj360/ec9a9c81gy1iat0kfiphzj21280lc0wu.jpg,https://wx1.sinaimg.cn/orj360/ec9a9c81gy1iat0kf5ep6j21280lc427.jpg,https://wx2.sinaimg.cn/orj360/ec9a9c81gy1iat0kf5ld2j21280lcjva.jpg",,,Mon Mar 02 23:21:23 +0800 2026,AI博主,20,18,3
AI安全,5273194951085596,Deepfake曾经是AI伪造的天花板换脸克隆声音已经够吓人了但Seedance 2.0不是换脸 是从零造世界生成的视频 影视级画质 物理引擎运镜 动态光照 好莱坞特效团队看了都得沉默更可怕的是检测悖论用AI检测Deepfake 检测结果变成训练样本 造假技术更强就像猫趴在你脖子上 你跑得越快 它趴得越稳两 ...全文,,无,,,Thu Mar 05 19:45:10 +0800 2026,微博网页版,0,0,1
AI安全,5273169376056312,#比Deepfake更严重的AI出现了#Seedance 2.0凭借影视级逼真视频生成效果引发全网震动，画质逼真到肉眼难辨真伪，从“换脸”升级为“造世界”，大幅降低视频创作门槛，也彻底改写内容生产与影视工业逻辑。但这项技术风险远超传统Deepfake，可伪造演讲、捏造证据、冲击司法与信息安全，加上隐私泄露、检 ...全文,,无,,,Thu Mar 05 18:03:33 +0800 2026,音乐博主 超话粉丝钻咖（每日一善超话）,97,0,51
AI硬件,5273135720957011,来看点猛的，时代旗舰海信UX。玲珑四芯，真彩背光，色彩细节更全面，信芯DAI 画质芯片 H7 Pro“四芯同控”，充分调用，更有黑耀屏Ultra够纯粹。再加上4K 180Hz看球倍儿爽，更有6.2.2物理声道穹顶声场，效果拉满。还有超级小聚AIOS，光影妙控台，游戏妙控台，AI和我们打配合。这不世界杯来了， ...全文,,"https://wx3.sinaimg.cn/orj360/005OxzX1ly1iaw3yj99p5j335s2dc1ky.jpg,https://wx1.sinaimg.cn/orj360/005OxzX1ly1iaw45z28dyj335s2dcnpe.jpg,https://wx4.sinaimg.cn/orj360/005OxzX1ly1iaw462motej335s2dce82.jpg,https://wx2.sinaimg.cn/orj360/005OxzX1ly1iaw46bjz58j335s2dckjm.jpg,https://wx2.sinaimg.cn/orj360/005OxzX1ly1iaw47xsk75j335s2dcnpe.jpg,https://wx1.sinaimg.cn/orj360/005OxzX1ly1iaw48hdzydj335s2dcqv6.jpg,https://wx4.sinaimg.cn/orj360/005OxzX1ly1iaw4cqec5pj335s2dckjm.jpg,https://wx2.sinaimg.cn/orj360/005OxzX1ly1iaw4dbyrcvj335s2dckjm.jpg,https://wx3.sinaimg.cn/orj360/005OxzX1ly1iaw4dj64ilj335s2dckjm.jpg",,,Thu Mar 05 15:49:49 +0800 2026,数码测评师  汽车测评师 旅行摄影师 数码博主 微博原创视频博主 头条文章作者,32,21,29
AI硬件,5273134501724187,2026海信UX RGB-Mini LED电视正式发布！116吋售价119999100吋售价5499985吋售价34999首发搭载玲珑真彩背光技术（四色），信芯H7 Pro AI芯片，行业唯—“四芯同控”，定义4万级分区，黑曜屏Ultra+178度超广视角+XDR 11000尼特，4K分辨率+180hz原生高刷+满血HDMI 2.1，首发帝瓦雷昂扬音响，6.2.2声 ...全文,,"https://wx2.sinaimg.cn/orj360/0049I0E9ly1iaw48gsa0dj635s2mwe8108.jpg,https://wx1.sinaimg.cn/orj360/0049I0E9ly1iaw48in6pjj635s2mwkjl08.jpg,https://wx2.sinaimg.cn/orj360/0049I0E9ly1iaw48k9jx6j635s2mwhdt08.jpg,https://wx2.sinaimg.cn/orj360/0049I0E9ly1iaw48m6gknj635s2mwnpd08.jpg,https://wx2.sinaimg.cn/orj360/0049I0E9ly1iaw48nhc5xj635s2mwkjl08.jpg,https://wx2.sinaimg.cn/orj360/0049I0E9ly1iaw48oqzlqj635s2mw7wh08.jpg,https://wx2.sinaimg.cn/orj360/0049I0E9ly1iaw48q0zygj635s2mw7wh08.jpg,https://wx1.sinaimg.cn/orj360/0049I0E9ly1iaw48r7xk0j635s2mw4qp08.jpg,https://wx2.sinaimg.cn/orj360/0049I0E9ly1iaw48t5l0mj635s2mwkjl08.jpg",,,Thu Mar 05 15:44:57 +0800 2026,微博2019十大影响力数码大V 微博原创视频博主,307,64,200
人工智能,5273199229276193,【登上新闻联播！冯丹代表为湖北打造世界级存算一体化产业基地建言】今晚，全国人大代表、华中科技大学副校长冯丹的建议亮相《新闻联播》！她呼吁支持#湖北打造世界级存算一体化产业基地#，强调“十五五”时期数智赋能是高质量发展强大动能，湖北正加快建设，为国家在“人工智能+”新时代掌握战略主动 ...全文,,无,"https://f.video.weibocdn.com/o0/7pM4eISFlx08vPCXC3WU010412004yuf0E010.mp4?label=mp4_hd&template=852x480.25.0&ori=0&ps=1BVp4ysnknHVZu&Expires=1772732143&ssig=xr99OxMgOP&KID=unistore,video",,Thu Mar 05 20:02:10 +0800 2026,湖北省人民政府新闻办公室官方微博,12041,2496,159
人工智能,5273214537695558,马斯克旗下的Grok人工智能好玩啊，把殖人都怼破换了，骂它是小粉红，间谍AI。在伊朗防务上，殖人瞎扯伊朗被美国轰炸很惨，是中国防空武器不行。结果GROK骂殖人瞎扯淡中国，伊朗根本就没有中国的防空导弹。又对贬低中国军力的怼回去，不听指令了。grok把西方茧房都打破了。 ,,"https://wx2.sinaimg.cn/orj360/d827c8d6gy1iavfq8z0g0j20u01vvaie.jpg,https://wx2.sinaimg.cn/orj360/d827c8d6gy1iavfrw1wxdj20z00tqq6q.jpg,https://wx1.sinaimg.cn/orj360/d827c8d6gy1iavfq31ljej20pm1a0q8l.jpg,https://wx4.sinaimg.cn/orj360/d827c8d6gy1iavfq1hi2wj20u01sxjyh.jpg,https://wx2.sinaimg.cn/orj360/d827c8d6gy1iavfq2gwmkj20u01de7ai.jpg,https://wx2.sinaimg.cn/orj360/d827c8d6gy1iavfq2qoqnj20j60simz0.jpg",,,Thu Mar 05 21:03:00 +0800 2026,柏林工业大学珠三角校友俱乐部 理事,343,36,46
人工智能,5273228881691700,#代表称房地产有望成为消费新动能#【全国人大代表彭寿：房地产有望成为消费新动能】3月5日，十四届全国人大四次会议开幕。全国人大代表、中国工程院院士、中国建材集团首席科学家彭寿在人民大会堂接受包括第一财经记者在内的媒体采访时表示，房地产将会成为消费新动能，拉动新材料、人工智能、数字经济 ...全文,,无,"https://f.video.weibocdn.com/o0/O1KIBe2Hlx08vPhGOf6g010412006os60E010.mp4?label=mp4_hd&template=540x960.24.0&ori=0&ps=1BVp4ysnknHVZu&Expires=1772732143&ssig=ybAfE1OZU2&KID=unistore,video",,Thu Mar 05 22:00:00 +0800 2026,《中国经营报》官方微博,0,6,3
AI安全,5273175149514585,#比Deepfake更严重的AI出现了#这ai换脸是真像啊还有表情这要是被用于z骗的话真的很吓人 ,,"https://wx2.sinaimg.cn/orj360/00868rcogy1iaw8vp7mofj31o018yakb.jpg,https://wx3.sinaimg.cn/orj360/00868rcogy1iaw8vpj8j2j30g805f756.jpg,https://wx4.sinaimg.cn/orj360/00868rcogy1iaw8vpvc0lj306g06ga9w.jpg",,,Thu Mar 05 18:26:29 +0800 2026,游戏博主 超话创作官（每日一善超话）,123,0,19
AI安全,5273125174119371,昨晚在巴塞罗那跟国内记者朋友讨论人工智能的意志。有朋友说人工智能已经发展到极高地步，甚至会雇佣真人为它打工，包括搞真人识别。虽然我没有见识到，但不排除这种可能，AI完全可以有极高的智能、意识，但我觉得没有意志。意志，英文是will，是一种内驱原动力。人类意志的根源在于“生存和繁 ...全文,,无,,,Thu Mar 05 15:07:54 +0800 2026,中国科普作家协会会员 2025微博年度新知博主,87,26,47
AI安全,5273188607986499,【#周云杰称要以安全为核心发展服务机器人#】#微观2026全国两会#全国人大代表周云杰在接受@央广网 记者采访时表示，人形机器人可能是机器人的终极形态，但它的发展是循序渐进的，要以安全为核心发展服务机器人。谈及人工智能对制造业的影响，他表示，AI在效率、成本等各个方面对制造业影响深远，尤其是 ...全文,,无,"https://f.video.weibocdn.com/o0/HbsTRC6olx08vPA3pEru01041200dWqN0E010.mp4?label=mp4_hd&template=540x960.24.0&ori=0&ps=1CwnkDw1GXwCQx&Expires=1772732135&ssig=UvZXHITYjd&KID=unistore,video",,Thu Mar 05 19:19:58 +0800 2026,央广网文化传媒有限公司,16,0,3
AI安全,5273187990634943,#你会给父母更换AI家电吗#以前总觉得智能家电对长辈门槛高，但今年AI技术适老化突飞猛进，从“人适应机器”变成“机器适应人”，可以用科技守护咱们牵挂的父母了！现在的适老AI主打 “主动服务” 。比如厨房燃气灶检测到干烧自动关火，浴室热水器发现洗太久会向手机报警 。还有能听方言的语音空调， ...全文,,无,,,Thu Mar 05 19:17:30 +0800 2026,环球家电网高级编辑,2,0,1
AI安全,5273187693893116,排面拉满了，新华社点赞小鹏换道超车！ 小鹏第二代VLA正式落地，直接把智驾架构改成V-A直连，全栈自研物理世界大模型，不光能用在自动驾驶，还能覆盖Robotaxi、飞行汽车、人形机器人，一次技术突破，打通整个未来出行！ 新华社直接盖章：中国答案，换道超车！摩根士丹利也点名：小鹏现在有实力和 ...全文,,"https://wx1.sinaimg.cn/orj360/007CJW7Wly1iawa9f1nrwj31hc0u00t1.jpg,https://wx3.sinaimg.cn/orj360/007CJW7Wly1iawacnekz7j30u09744qs.jpg","https://f.video.weibocdn.com/o0/py4eEFWVlx08vPzF0TiM01041200yKvK0E010.mp4?label=mp4_ld&template=640x360.25.0&ori=0&ps=1BVp4ysnknHVZu&Expires=1772732143&ssig=tpPJZdzLby&KID=unistore,video",,Thu Mar 05 19:16:20 +0800 2026,汽车博主 微博原创视频博主,23,2,3
AI安全,5273075379604535,魏牌V9X应该是今年值得期待的9系旗舰，现在终于官宣魏建军亲自代言魏牌V9X，是魏牌V9X最硬核的信任背书。 从赌上姓氏创立魏牌，到赌上名誉代言旗舰，他把个人信誉与产品品质牢牢绑定。这绝对不是商业作秀，是品质与安全的终身承诺；也不是简单代言，更是技术自信的终极表达。 魏建军=魏牌=魏牌V9X ...全文,,"https://wx1.sinaimg.cn/orj360/008Em5Drly8iavwl9jgrhj33pc2s0kjm.jpg,https://wx1.sinaimg.cn/orj360/008Em5Drly8iavwld819nj33eb2l4x6q.jpg,https://wx2.sinaimg.cn/orj360/008Em5Drly8iavwlgp97gj33eb2l4kjm.jpg,https://wx3.sinaimg.cn/orj360/008Em5Drly8iavwlkvqcpj33eb2l4x6q.jpg,https://wx4.sinaimg.cn/orj360/008Em5Drly8iavwln0f2zj31o02807af.jpg,https://wx2.sinaimg.cn/orj360/008Em5Drly8iavwlr141pj33eb2l4x6r.jpg,https://wx1.sinaimg.cn/orj360/008Em5Drly8iavwlud7erj33eb2l4x6q.jpg,https://wx2.sinaimg.cn/orj360/008Em5Drly8iavwlwurmzj316o0o046u.jpg,https://wx3.sinaimg.cn/orj360/008Em5Drly8iavwlylj7yj316o0o0q9q.jpg",,,Thu Mar 05 11:50:02 +0800 2026,知名数码资讯博主 头条文章作者,241,160,163
AI安全,5273180394488790,#比Deepfake更严重的AI出现了#AI本身是为了造福人类出现的随着科技的发展，AI也越来越全能不得不让人留意AI的利弊性了#视频百亿流量扶持计划# |#微博热点优质创作计划# |#实时号检测# 甜妹祈小愿ovo_的微博视频 ,,无,"https://f.video.weibocdn.com/o0/ZwjooXzjlx08vPxOiTok01041200fH0c0E010.mp4?label=mp4_ld&template=640x360.25.0&ori=0&ps=1BVp4ysnknHVZu&Expires=1772732145&ssig=tWFP1%2FC568&KID=unistore,video",,Thu Mar 05 18:47:20 +0800 2026,娱乐博主,37,0,13
人工智能,5273202121251008,Apple Music / 苹果音乐 即将推出AI生成内容标识，用于标注在封面（Artwork）、曲目（Track）、作曲（Composition）以及音乐视频（Music Video）中是否使用人工智能。其中，封面艺术 (Artwork) 标识会显示在专辑页面上，当专辑封面（静态或动态）的大部分内容由 AI 生成时，平台则会添加相应标识。 ,,"https://wx1.sinaimg.cn/orj360/007zme8Qgy1iawc041qt4j30wr1dr12e.jpg,https://wx1.sinaimg.cn/orj360/007zme8Qgy1iawbzf2cgij30xc0iqq35.jpg",,,Thu Mar 05 20:13:40 +0800 2026,Billboard中国 · 音乐推广达人,233,13,21
人工智能,5273225867038502,我难受死了，这个神必世界不学计算机和人工智能还有活路吗。一想到本校ai计科出去的几十万的offer拿到手软而娥想学的东西是天坑读不到博就是死路一条就难受得想吐。可能大二分流真的去ai了吧，感觉全世界都在压力我。 ,,无,,,Thu Mar 05 21:48:01 +0800 2026,为你写的情诗,2,0,4
人工智能,5272849384216691,特变电工，股价从11元，涨到14元特变电工，股价从15元，涨到19元特变电工，股价从20元，涨到23元特变电工，股价从24元，涨到27元特变电工，股价从28元，涨到31元特变电工，目前的股价是30.87元对应的市值是1560亿人民币，公司注册和办公地址都在新疆自治区，昌吉市，北京南路，公司主营业 ...全文,,无,,,Wed Mar 04 20:52:01 +0800 2026,投资内容创作者 情感博主 微博原创视频博主,68,0,13
人工智能,5273219401518045,明天周五开盘，注意了，紧急提醒2.5亿股民，A股传来2个重磅消息，不废话，直接说重点：消息一、马斯克：特斯拉可能会率先打造出人形通用人工智能解读：马斯克说，特斯拉将成为研发通用人工智能的公司之一，并且很可能是首个打造出人形通用机器人的智能企业，并且在随后的一段时间会逐步停产加州的 ...全文,,https://wx3.sinaimg.cn/orj360/006d9EuVgy1iawdzu5ch7j30ty1ga464.jpg,,,Thu Mar 05 21:22:20 +0800 2026,微博原创视频博主 微博VLOG博主 美妆博主,19,0,2
人工智能,5273224872464157,大侄子们委屈极了，grok怎么不听话呢？只骂他们不骂五毛。 ,,"https://wx2.sinaimg.cn/orj360/b4b5059agy1iawelxsm24j20zo0m9gow.jpg,https://wx4.sinaimg.cn/orj360/b4b5059agy1iawelxfmj2j20zo0ntjvh.jpg",,,Thu Mar 05 21:44:04 +0800 2026,文玩收藏博主,139,5,17
人工智能,5272844598778494,【#米莱发特朗普变没马杜罗与哈梅内伊AI视频#】4日，阿根廷总统米莱在社交平台发布一段人工智能生成的视频，画面中，美国总统特朗普以“魔术师”形象出现，将委内瑞拉总统马杜罗与伊朗最高领袖哈梅内伊置于红布之下。随后，在意大利总理梅洛尼、萨尔瓦多总统布克莱、以色列总理内塔尼亚胡及米莱本人的 ...全文,,无,"https://f.video.weibocdn.com/o0/NebbFCXOlx08vNRaIUG40104120034Od0E010.mp4?label=mp4_hd&template=540x960.24.0&ori=0&ps=1BVp4ysnknHVZu&Expires=1772732140&ssig=8fQmiKL3M%2B&KID=unistore,video",,Wed Mar 04 20:33:00 +0800 2026,Ruptly国际新闻视频通讯社,205,40,36
人工智能,5272844598778494,【#米莱发特朗普变没马杜罗与哈梅内伊AI视频#】4日，阿根廷总统米莱在社交平台发布一段人工智能生成的视频，画面中，美国总统特朗普以“魔术师”形象出现，将委内瑞拉总统马杜罗与伊朗最高领袖哈梅内伊置于红布之下。随后，在意大利总理梅洛尼、萨尔瓦多总统布克莱、以色列总理内塔尼亚胡及米莱本人的 ...全文,,无,"https://f.video.weibocdn.com/o0/NebbFCXOlx08vNRaIUG40104120034Od0E010.mp4?label=mp4_hd&template=540x960.24.0&ori=0&ps=1BVp4ysnknHVZu&Expires=1772732146&ssig=BdlhM515BS&KID=unistore,video",,Wed Mar 04 20:33:00 +0800 2026,Ruptly国际新闻视频通讯社,205,40,36
人工智能,5273224721729009,#开检播报##两会看检察# 【#见字如面检察工作解码#｜智：以“数”赋能高质效】“十五五”规划建议提出“全面实施‘人工智能+’行动”“全方位赋能千行百业”，并部署“推进政法工作数字化平台建设，强化跨部门执法司法协同和监督”等任务。2026年的全国检察长会议强调，推动“数字检察”向“数智检察” ...全文,,无,,,Thu Mar 05 21:43:28 +0800 2026,山东省菏泽经济开发区人民检察院官方微博,8,0,3
人工智能,5273182174971019,人类进入机器时代难以避免，像摩羯，水瓶时代都是类人工智能时代，他们本质也有寻找“主人”的服从性，看似很有主见，实际上他们服从性更强，更像一种人工智能。可能要在大战之后，或者之中，人工智能会提升一个台阶，达到高度拟人化，在某方面还超过人类。就像二战出现了计算机一样。也有预言未来手机 ...全文,,无,,,Thu Mar 05 18:54:24 +0800 2026,HUAWEI Mate 70,210,11,17
人工智能,5273224146847921,新乡时报这一次很有预见性嘛。 ,,https://wx1.sinaimg.cn/orj360/6148b630ly1iaweiyemofj20hs0oigo7.jpg,,,Thu Mar 05 21:41:11 +0800 2026,主持人林白,21,1,2
人工智能,5273113752503841,人工智能与机器人技术 将建设一个富足非凡的时代   马斯克怎么跟我不约而同的喊出了这个口号$科森科技 sh603626$ ,,无,,,Thu Mar 05 14:22:31 +0800 2026,科学科普博主,149,2,18
人工智能,5273212845818415,3月5日龙虎榜净买入额前五名1、岩山科技所属概念：AI大模型、算力租赁、脑机接口、数字经济涨幅9.98%，净买入10.53亿基本面与消息面：公司聚焦人工智能与数字经济核心赛道，自主研发“岩山AI”大模型，布局算力租赁、AI应用开发及脑机接口前沿技术。近期公司算力租赁业务规模持续扩张，与多家头部 ...全文,,无,,,Thu Mar 05 20:56:16 +0800 2026,投资内容创作者,21,0,5
人工智能,5273212845818415,3月5日龙虎榜净买入额前五名1、岩山科技所属概念：AI大模型、算力租赁、脑机接口、数字经济涨幅9.98%，净买入10.53亿基本面与消息面：公司聚焦人工智能与数字经济核心赛道，自主研发“岩山AI”大模型，布局算力租赁、AI应用开发及脑机接口前沿技术。近期公司算力租赁业务规模持续扩张，与多家头部 ...全文,,无,,,Thu Mar 05 20:56:16 +0800 2026,投资内容创作者,21,0,5
人工智能,5273116940962525,#盱眙新闻# 县政府常务会召开  3月4日，县长王长俊主持召开县政府常务会议。叶楠、周海洋、朱云亮、陈孝明、张娟、赵子杰等县领导参加会议。县人大常委会副主任郑海梁、县政协副主席郑鸿儒列席会议。              会议传达学习了习近平总书记在中共中央政治局第二十四次集体学习时的重要讲话精神 ...全文,,无,,,Thu Mar 05 14:35:11 +0800 2026,盱眙县融媒体中心官方微博,24,0,127
